{
  "model_file": "price_model_20250912_113151.joblib",
  "timestamp": "20250912_113151",
  "train_mae": 91991.80554692137,
  "test_mae": 123731.94449884142,
  "train_r2": 0.3785043759191741,
  "test_r2": 0.28078242579014767,
  "train_rmse": 120043.46672809613,
  "test_rmse": 145263.21709789473,
  "features_used": [
    "bedroom",
    "bathroom",
    "garage",
    "mobiscore"
  ],
  "training_samples": 319,
  "test_samples": 80,
  "feature_importance": {
    "bedroom": 0.27856096295555033,
    "bathroom": 0.10636666950904575,
    "garage": 0.002198303978671874,
    "mobiscore": 0.612874063556732
  }
}