{
  "model_file": "price_model_20250914_181951.joblib",
  "timestamp": "20250914_181951",
  "train_mae": 78230.7144868883,
  "test_mae": 86952.06572525657,
  "train_r2": 0.6726619881481852,
  "test_r2": 0.5897589865932458,
  "train_rmse": 107615.74107008953,
  "test_rmse": 120247.86503774984,
  "features_used": [
    "living_area_m2",
    "ground_area_m2",
    "bedroom",
    "bathroom",
    "garage",
    "epc_kwh_m2",
    "year_built",
    "mobiscore"
  ],
  "training_samples": 28538,
  "test_samples": 7135,
  "feature_importance": {
    "living_area_m2": 0.43521474223920487,
    "ground_area_m2": 0.13981330325505475,
    "bedroom": 0.018980713508433403,
    "bathroom": 0.10303922376403779,
    "garage": 0.003512366017493751,
    "epc_kwh_m2": 0.1815469290580533,
    "year_built": 0.04440723262773096,
    "mobiscore": 0.07348548952999137
  }
}